{"total": 32, "success": 32, "failure": 0, "p50_ms": 71.99537754058838, "p95_ms": 79.99634742736816, "req_s": 14.343344135373025, "cpu_percent": 13.0, "mem_percent": 68.0}